category,text
정치,"북한이 4일 동해안 기습 화력훈련에 김정은 국무위원장이 직접 참석해 훈련을 지시했다고 공식 발표했다. 김 위원장이 화력훈련에 직접 참관했다는 소식을 발표하면서 군사도발 수위를 한 층 높였다는 분석이다. 한국 정부는 훈련에 이용된 무기를 ‘미사일’에서 ‘발사체’로 정정 발표했지만 전문가들은 공개된 사진을 바탕으로 ‘탄도 미사일’에 무게를 두고 있다. 북한은 국제사회의 비난을 피하기 위해 ‘방어부대’의 훈련이라는 점을 강조하며 나름의 탈출 전략도 세운 것으로 풀이된다. 5일 북한 노동신문은 김 위원장이 전날 동해에서 진행된 전연 및 동부전선 방어부대들의 화력 타격훈련을 지도했다고 밝혔다. 김 위원장에 대한 호칭은 위원장 외에도 ‘무력 최고사령관’과 ‘우리 당과 국가, 무력의 최고령도자’라고 언급했다. 신문은 “훈련은 대구경 장거리방사포, 전술유도무기 운영능력과 화력 임무 수행 정확성, 무장 장비들의 전투적 성능을 판정 검열하고 이를 계기로 경상적인 전투동원준비를 빈틈없이 갖추도록 하는 데 목적을 두고 진행됐다”고 설명했다. 이어 김 위원장이 감시소에서 “구경별 화력 타격수단들의 화력타격계획을 료해(확인 및 점검)하시고 대구경 장거리방사포들과 전술유도무기의 화력 진지진출과 전개를 비롯한 사격준비과정을 검열했다”고 덧붙였다."
정치,"국방부는 북한이 4일 오전 발사한 기종 미상의 단거리 발사체들에 대해 ""현재까지 분석한 결과, 신형 전술유도무기를 포함해 240㎜, 300㎜ 방사포를 다수 발사한 것으로 파악하고 있다""고 5일 밝혔다. 국방부는 이날 '북한의 단거리발사체 발사 관련 입장'을 통해 ""한미 정보당국은 어제 북한이 발사한 단거리발사체와 관련해 세부 탄종과 제원을 공동으로 정밀분석하고 있다""며 이같이 설명했다. 이 단거리 발사체들의 사거리는 70∼240여㎞로 평가했다. 이는 전날 합동참모본부가 이 발사체의 최대 사거리를 '최대 200㎞'로 추정한 것보다 40㎞가량 늘어난 것이다. 국방부는 또 발사지역으로부터 일정 거리 떨어진 지점에 관람대가 설치된 것으로 식별했으며, 이곳에서 김정은 북한 국무위원장이 참관하고 있었던 것으로 판단했다고 밝혔다. 군 당국은 신형 전술유도무기의 기종에 대해서는 신중한 태도를 유지하고 있다. 또 발사된 신형 전술유도무기가 모두 몇 발인지, 또 비행속도와 궤적이 어떠했는지 등에 대해서도 ""아직은 공식적으로 확인할 수 없다""고 밝혔다. 군 관계자는 이에 대해 ""외형은 작년 2월 북한 열병식 때 등장한 것과 유사한데 실제로 발사가 이뤄진 건 이번이 처음이어서 한미 정보당국의 정밀한 분석이 필요하다""며 분석 결과가 나올 때까지 '신형 전술유도무기' 입장을 유지하는 것이라고 설명했다."
정치,"문희상 국회의장이 오는 6일부터 2박3일 일정으로 중국을 공식 방문한다고 국회가 5일 밝혔다. 지난 2월 방미(訪美) 이후 '4강 의회 정상외교' 두 번째 일정으로, 지난 2일 서울대병원에서 심혈관계 시술을 받고 퇴원한지 4일 만이다. 이번 순방에는 더불어민주당 박병석·김진표·한정애·박정 의원, 바른미래당 하태경 의원, 박수현 의장비서실장 등이 함께한다. 한국당 의원들은 당내 사정을 이유로 불참 의사를 밝혔다. 문 의장은 방중 목적에 대해 ""현재 소강상태에 있는 북·미 간 대화가 조속히 재가동 될 수 있도록 의회 차원의 외교적 노력을 집중해야 한다""며 ""한반도의 완전한 비핵화와 항구적 평화 정착을 위한 한중 양국 간 협력을 강화할 예정""이라고 했다. 이어 ""한반도 평화 프로세스에서 중국의 건설적인 역할을 당부하고, 미세먼지 등 초(超) 국경적 이슈에 대한 협력 문제 등이 논의될 것""이라며 ""이번 방중은 국익을 위해 필요하며 시기적으로도 미룰 수 없다""고 했다. 또 ""한·중 FTA 후속협상, 대기오염 협력, 경제·통상·환경 분야에 있어서는 상호 신뢰를 바탕으로 한·중간 지속적인 대화와 협력의 필요성을 강조할 것""이라고 했다. 문 의장은 오는 6일 양제츠 중앙정치국 상무위원 겸 중앙외사공작위 판공실 주임과 면담을 하고 한인 동포들과 만찬 간담회를 갖는다. 7일에는 중국 내 한반도 전문가들과 조찬 간담회를 갖고 베이징대학교에서 '평화와 번영의 미래를 향한 한중의 역할'을 주제로 특강을 할 예정이다. 7일 오후에는 리잔수 전국인민대표대회(전인대) 상무위원장을 만나고 마지막 날인 8일은 왕치산 국가 부주석과 왕동명 전인대 상무위원회 부위원장을 만난다. 문 의장은 당초 4박 5일 일정으로 중국 베이징, 시안 등을 방문할 예정이었으나 건강을 고려해 일정을 단축했다. 문 의장은 지난달 말 국회에서 '패스트트랙(신속처리안건)'과 관련해 자유한국당 의원들의 항의 방문을 받은 직후 입원, 서울대병원에서 심혈관계 시술을 받고 지난 2일 퇴원했다. 한편 문 의장은 지난 4일 박관용·김원기·임채정·김형오·정세균 전 국회의장과 만찬 회동을 가진 자리에서 국회에서 있었던 패스트트랙 충돌에 대해 ""자책감, 자괴감이 든다. 국회의장으로서 막지 못해 이루 말할 수 없이 송구한 마음""이라며 ""100년 전 구한말 지도자들이 사분오열 나라를 빼앗겼는데, 그때와 지금이 다를 것이 없다는 위기감이 엄습해왔다""고 말했다."
정치,"어린이날을 맞은 5일, 국회에서는 여야 모두 논평을 통해 ""어린이들이 살기 좋은 세상을 만들겠다""는 다짐을 밝혔다. 더불어민주당은 이날 ""앞으로 '안심하고 아이 키울 수 있는 나라'를 만들기 위해 더 많은 노력을 기울일 것""이라며 ""유아교육법, 사립학교법, 학교급식법 개정 등 '유치원 3법'을 반드시 통과시켜 사립유치원의 공공성과 투명성을 보다 강화하고 유아교육의 질을 높일 것""이라고 했다. 이어 ""우리 사회에서는 어린이 안전사고 및 아동학대 사건이 지속적으로 발생하는 등 여전히 많은 아이들이 국가와 사회로부터 충분한 보호를 받지 못하고 있는 현실""이라며 ""국공립 유치원 및 아동복지시설의 확충과 종사자 처우 개선을 위해서도 지속적으로 노력하고, 돌봄의 사각지대에 방치된 아이들이 없도록 정책적 관심도 기울이겠다""고 약속했다. 자유한국당 또한 ""아이들의 눈에 비친 우리 사회가 정의롭고 공정하며 친절과 배려가 있는 세상이길 바란다""며 ""가정, 공동체, 국가는 어린이들이 더 좋은 환경에서 자랄 수 있도록 머리를 맞대고 함께 노력해야 한다. 우리 어린이들을 질병, 빈곤, 폭력으로부터 안전하게 보호하는 것은 사회 모두의 책임이자 신성한 의무""라고 강조했다. 또 ""어느 한 명의 아이도 소외받고 고통 받아서는 안 된다""며 ""소중한 한 생명체로서 아이들의 존재가 그 자체로 귀하게 대우받을 수 있도록 아이들이 행복한 나라, 안심하고 아이를 키울 수 있는 나라를 자유한국당이 만들겠다""고 덧붙였다. 바른미래당은 ""우리나라 어린이의 학업성취도와 물질적 수준은 세계 최상위권이지만 행복만큼은 진전이 더디다. 어른들의 욕망에 따라 어린이를 불행 속으로 내밀고 있는 것은 아닌지 되돌아봐야 한다""고 지적했다. 아울러 ""우리의 미래 세대가 바른 성장을 하기 위해서는 어른들의 하나된 마음과 노력이 필요하고, 교육과 주거 등 제반 조건 개선 또한 아이들의 행복을 위해 반드시 필요하다""며 ""어린이가 안전하고 존중 받는 세상, 꿈꿀 수 있는 세상을 만들기 위해 바른미래당이 앞장서겠다""고 했다. 민주평화당도 논평을 내 ""밝고 행복해야 할 어린이집과 유치원이 영리의 수단으로 전락해 심심찮게 문제를 야기하고 있다. 어린이들 보기 부끄럽다""며 ""미세먼지와 아동학대 없는 세상, 국가가 보육과 교육을 책임지는 나라를 만들기 위해 최선의 노력을 다하겠다""고 전했다. 정의당은 ""아이를 낳으려면 큰 결심을 해야 하고, 출산을 주저해야 하는 현실 앞에서 정치적 책임을 무겁게 느낀다""며 ""어린이의 행복은 가족이 있는 노동, 가족을 지킬 수 있는 노동환경과 직결된다. 정의당이 국가가 책임지는 보육을 강조해온 이유이며 정책 실현을 위해 앞으로도 노력할 것""이라고 강조했다."
정치,"이낙연 국무총리가 4일(현지시간) 북한이 발사한 단거리 발사체와 관련해 ""대한민국 정부도 미국 정부도 북한 비핵화와 한반도 평화정착을 위한 노력을 결코 포기하지 않을 것""이라며 ""한반도 비핵화와 평화정착 과정에는 곡절이 있을 수 있다""고 밝혔다. 콜롬비아를 공식방문 중인 이 총리는 이날 동포·지상사 대표 초청 만찬간담회에서 ""우리시간으로 어제 북한이 동해쪽으로 발사체를 쐈다. 재원이나 성격에 대해서는 한미 양국이 분석 중에 있다""며 이같이 말했다. 이 총리는 한반도 비핵화 문제를 '만절필동(萬折必東)'이라 비유했다. 만절필동은 황하강이 수없이 구부러져도 결국 동쪽으로 흘러간다는 뜻이다. 이 총리는 ""우리가 가는 길, 가야하는 길은 평화와 공동번영이다. 그리고 그것을 위한 당연한 과정이 비핵화라는 점은 변화가 있을 수 없다""며 ""서울에서도 이러한 기조로 임하고 있고 노력은 결코 흔들리고 후퇴하지 않을 것이라는 말씀을 여러분께 드린다""고 말했다. 지난달 30일부터 쿠웨이트와 콜롬비아, 에콰도르 순방길에 오른 이 총리는 이날 두번째 공식방문국인 콜롬비아 보고타에 도착했다. 한국 국무총리로서는 1982년 김상협 당시 국무총리 방문 이후 37년만이다. 이 총리는 포르투갈 리스본 현지에서 북한과 관련한 보고를 받았고, 콜롬비아 도착 후에는 수행 중인 조현 외교부 1차관으로부터 구체적인 보고를 받았다. 이 총리는 조정 가능한 현지 일정은 최소화하며 국내 상황을 주시하고 있다."
정치,"김무성 자유한국당 의원의 ""청와대를 폭파시키자""는 극단적 발언이 물의를 일으킨 가운데 그에 대한 처벌을 요구하는 청와대 국민청원이 10만명을 돌파했다. '김무성 전 의원을 내란죄로 다스려주십시오'라는 제목으로 청와대 국민청원 게시판에 올라온 게시글은 5일 오후 1시24분 현재 청원인원 10만8743명을 기록 중이다. 청원인은 ""현직 국가 수장의 집무·주거 공간을 다이너마이트로 폭파하겠다는 발언이 내란이 아니라면 역으로 어떤 행위가 내란이 될지 되묻지 않을 수 없다""며 ""국가의 기강을 이번 기회에 반드시 바로잡아야 하다""고 주장했다. '자한당 김무성 의원 내란 선동죄로 처벌해주세요'라는 제목의 다른 국민청원도 같은 시간 7만1511명의 청원 동의를 받았다. 정부와 청와대는 국민 청원 동의자가 30일 내에 20만명을 넘을 경우 이에 대한 공식 답변을 내놓아야 한다. 앞서 지난 2일 김 의원은 4대강 보(洑) 철거를 반대하는 단체인 '4대강 보 해체저지 범국민연합(4대강 국민연합)'이 서울역 광장에서 개최한 행사에서 ""4대강 보 해체를 위한 다이너마이트를 빼앗아 문재인 청와대를 폭파시켜 버리자""고 주장했다. 여야 4당은 일제히 비판을 쏟아냈다. 더불어민주당 홍익표 수석대변인은 전날 논평에서 ""청와대를 향해 다이너마이트로 폭파하겠다는 김 의원의 극언에 대해 국민 여론이 들끓고 있다""며 ""황교안 대표에게 묻겠다. 다이너마이트로 청와대를 폭파하자고 백주 대낮에 테러를 선동한 김 의원의 극언에 대한 입장은 무엇이냐""고 물었다."
정치,"김정은 북한 국무위원장이 4일 신형 전술유도무기 타격 훈련을 지도하면서 취임 2주년을 코앞에 둔 문재인 대통령의 한반도 중재 역할도 험로에 놓였다. 북한의 단거리 발사체 발사 소식이 있자 청와대는 9·19 군사합의 취지에 어긋나는 것으로 규정하면서도 최대한 '로우키' 자세로 신중하게 상황을 주시했다. 발사체의 정체가 불분명하고 북한의 발사 의도가 명확하게 파악되지 않은 상황에서 섣불리 규탄 메시지를 발신하기보다, 그 내막을 더 들여다보기 위한 취지에서다. 고민정 대변인은 서면브리핑을 통해 ""북한이 한반도에서의 군사적 긴장을 고조시키는 행위를 중단할 것을 촉구한다""면서도 ""비핵화 관련 대화가 소강 국면인 상태에서 이런 행위를 한 데 대해 주목하면서, 북한이 조속한 대화 재개 노력에 적극 동참할 것을 기대한다""고 촉구했다. 불가역적이라고 자언해온 한반도 평화 프로세스의 역진 가능성이 이번 도발을 계기로 도드라지면서, 이튿날인 5일까지도 청와대는 메시지를 삼가고 진상 파악에 주력하고 있다. 청와대 관계자는 ""오늘까지도 계속 회의를 열고 상황을 알아보고 있는 중""이라고 말했다. 다만 하노이 회담 후 대화 창구를 닫고 대남 비판 메시지를 확대해온 북한이 미사일 발사 장면까지 대외적으로 공개하면서 청와대 내부에서는 당혹스러워하는 분위기가 감지된다. 특히 그간 해외 순방을 돌며 힘겹게 김 위원장의 비핵화 의지를 대리 피력해온 문 대통령의 입장에선 힘 빠지는 소식이 아닐 수 없을 것이다. 또 오는 10일 집권 2년차를 마감하고 3년차로 접어드는 문 대통령에게 앞으로의 중재 및 촉진 역할도 간단치 않다는 것을 다시 한 번 상기시키는 계기가 됐을 것으로 보인다. "
정치,하태경 바른미래당 의원은 청와대가 북한이 발사한 ‘미사일’을 ‘발사체’로 바꾸도록 국방부에 압력을 가했다는 의혹이 있다고 5일 주장했다. 하 의원은 이날 페이스북을 통해 “북한이 유엔 결의 위반인 탄도 미사일을 쏜 것이 결국 확인됐다”며 이같이 말했다. 하 의원은 “국방부가 전날 오전 9시40분 북한이 단거리 미사일을 발사했다고 발표하더니 같은날 오전 10시14분 문자에는 ‘단거리 발사체’로 바꿨다”며 “미사일이라고 규정하면 유엔 안보리 결의 위반이 돼 북한을 봐주려고 청와대가 압력을 가한 게 아니냐는 의혹이 생겨난 것”이라고 했다. 하 의원은 “누가 압력을 가했는지 명확히 밝혀야 한다”며 “청와대 압력이 아니면 국방부 입장이 바뀔 리가 없다”고 주장했다. 하 의원은 또 ‘북한판 이스칸다르(ISKANDER)’로 알려진 단거리 지대지 탄도 미사일 사진을 공개하며 사드(THAAD·고고도 미사일 방어체계) 무력화가 주요 목적이라고 말했다. 그는 “이 미사일은 고체연료를 사용하는 탄도 미사일”이라며 “다양한 비행궤도와 최종단계에 진입 각도를 변화시킬 수 있는 유도무기라서 사드 등 미사일 방어체제를 무력화할 수 있다”고 했다. 하 의원은 “(북한의) 어제 도발은 ‘4·27 선언’ 중 2조 1항 위반이고 유엔 결의 위반”이라면서도 “북한은 자체 훈련이라고 우긴다”고 밝혔다. 그러면서 “북한의 어제 도발로 우리도 한미 군사훈련을 정례화하고 강도 높은 훈련을 할 것을 선언해야 한다”고 주장했다.
정치,"“9·19 군사합의를 성실하게 이행하라”는 문재인 대통령의 발언이 나온지 불과 하루 만에 북한이 동해로 ‘전술유도무기’를 발사하고, 이 발사 현장을 김정은 북한 국무위원장이 직접 참관한 것으로 전해지며 한반도의 군사적 긴장이 다시 고조되는 분위기다. 자유한국당 등 야권은 이른바 ‘포스트 패스트트랙(신속처리안건)’ 정국에서 이 사안을 현 정부 대북정책을 비판할 근거로 적극 활용할 방침이어서 청와대 입지는 더욱 곤혹스럽게 됐다."
정치,"문재인 대통령과 부인 김정숙 여사가 5일 제97회 어린이날을 맞아 지난달 강원지역 산불 진화작업에 투입된 소방관, 군인, 경찰관 자녀 등을 초청해 격려했다. 문 대통령은 이날 산불 피해지역 초등학교 학생들과 지난달 5일 문 대통령 참석 식목일 행사가 열릴 예정이었던 경북 봉화 서벽초등학교 학생 등 256명을 청와대로 초청했다. 당시 식목일 행사는 산불 여파로 취소됐다. 문 대통령은 3·1운동 및 임시정부 수립 100주년을 기념해 독립유공자 후손 가정의 어린이와 한 부모·미혼모·다문화·다둥이 가정 어린이, 국공립 어린이집 및 유치원에 다니는 어린이, 온종일 돌봄 이용 아동 등도 초청했다. 행사에는 대구 시립 소년소녀어린이 합창단 어린이들도 참석했다. 문 대통령이 지난 3월 대구에서 열린 ‘세계 물의 날’ 기념식에 참석했을 때, 합창단 소속 한 여학생은 문 대통령에게 귓속말로 청와대에 초청해달라고 부탁한 바 있다. 청와대에서 어린이들을 먼저 맞은 것은 육·해·공군과 해병대, 경찰, 소방관 마스코트 인형과 군악대였다. 군악대는 어린이들이 좋아하는 그룹 아이콘의 ‘사랑을 했다’를 연주해 눈길을 끌었다. 잘 아는 곡이 나오자 어린이들은 신이 나 노래를 흥얼거리며 반겼다."
연예,"SBS 금토극 ’녹두꽃’은 1894년 동학농민혁명을 배경으로 한 민중역사 사극으로, 주된 배경인백가네 일가를 비롯해 등장인물 대부분이 사투리를 쓰는 것이 특징이다. 백가네 안방마님이자 이현(윤시윤)과 이화(백은혜)의 생모 ‘채씨’ 역을 맡은 황영희는 감칠맛 나는 연기와 단연 돋보이는 전라도 사투리로 이강(조정석 분)과 유월(서영희 분)의 신세를 더욱 서럽게 만들며 시청자들의 애정 어린 미움(?)을 받고 있다. 이번 주 ‘녹두꽃’ 방송에서도 자신이 낳은 자식들에게는 더없이 다정하지만 ‘얼자’ 이강과 그 어머니 유월에게만은 냉정하고 인색한 채씨의 모습이 그려졌다. 고부민란으로 집을 떠나 고초를 겪고 돌아온 백가가 유월에게 안부를 묻자 채씨는 “종년헌티 겁나게 다정해부요이. 으째, 아랫도린 깨꼬롬헌갑소이?”하며 눈을 흘겼다. 이강에게도 “머더는 늠인디 어러신 건사 한나 지대로 못혀서 이현이꺼정 심쓰게 맹글었냐고오!”라고 소리치고, 백가가 이를 말리자 “나가 고만허게 생겼소! 이현이가 과거를 못 봐부렀는디!”라고 대꾸하며 이현에 대한 끔찍한 모성애를 드러냈다. 또 이방 자리를 내친 이강의 소식을 듣고는 “거시기 맘 변허기 전에 홍가럴 이방으로 앉힙시다”라며 호시탐탐 이강과 유월을 내쫓으려고 했다. 혼례를 앞두고 최석주가 보낸 날받이 떡을 먹기 위해 다 모인 자리에서도 유월과 이강이 들어오자 이화는 버럭 화를 내고, 채씨는 입을 꾹 다문 채 불편한 기색을 감추지 않았다. 아무말도 안 하는 채씨에게 이화는 “오매, 보살이여이. 이현이 낳기 전이 겪은 설움 다 까묵어부렀디야? 나넌 구경만 헌 년인디도 가심에 피고름이 서말이여!”라고 소리쳤다. 이에 채씨는 “나넌 처묵은 양잿물이 서말이여, 이 년아!”라며 자신이 이현을 낳기 전까지 가슴앓이 했던 시간이 떠오른 듯 북받치는 울음을 삼켰다. 이현의 혼례를 앞두고 폐허가 된 집안을 꾸미기 위해 새 가구를 들이는 채씨와 이화의 모습도 그려졌다. 채씨는 “오매, 이화야. 느그 엄니, 정승 소리만 듣고 흘렸는디도 기 빨려 디질라근다. 으쩌냐이?”라며 들뜬 모습을 드러냈다. ‘녹두꽃’을 통해 제대로 된 ‘전라도 사투리 전문가’의 위엄을 보이고 있는 황영희는 고약한 안방마님부터 다정한 어머니를 오가며, 백가네 안방마님 ‘채씨’를 더욱 입체적인 캐릭터로 완성해 시청자들의 호평을 받고 있다. ‘녹두꽃’은 매주 금, 토요일 오후 10시에 방송된다. "
연예,"5일 한 매체는 승리가 JM솔루션을 판매하는 회사 K모 대표와 친분을 유지해왔고, 지난 1월 함께 설립한 JM타원 공동대표(사내이사)를 맡았다고 보도했다. 보도에 따르면 JM타운은 JM솔루션과 같은 건물에 입주해있는 관계사로, 오픈마켓과 프랜차이즈 사업 등 대규모 사업을 준비 중이었다. JM타운은 승리의 별명인 '승츠비' 상표권을 소유하기도 했다. 승리는 버닝썬 게이트가 터진 뒤 지난 2월 JM타운 사내 인사를 사임했다. 승리가 사임한 사내이사 자리에는 박한별 남편인 유인석 씨가 새롭게 취임했다. 지난 4일 SBS '그것이 알고싶다' 방송 이후 JM솔루션은 버닝썬 게이트의 새로운 화두로 떠올랐다. 김상교 씨가 폭행 당한 당일 버닝썬에서는 한 화장품 회사의 행사가 열렸고, 이 자리에서 한 30대 여배우가 침을 흘리고 눈이 충혈된 채 야광봉으로 40대, 50대 사람의 머리를 때리는 이상 행동을 보였다는 내용이 전해졌다. 해당 화장품 회사는 JM솔루션으로 밝혀졌다. 이와 함께 정은채, JM솔루션 모델로 활동 중인 30대 배우 한효주가 '버닝썬 화장품 여배우'로 거론되며 의혹이 증폭됐다. 의혹이 SNS상에서 기정사실화되자 한효주와 정은채 양측은 ""사실무근""이라며 루머에 대해 강경 대응할 것을 밝혔다."
연예,"드라마 '아름다운 세상'이 충격 반전으로 시청자들을 놀라게 했다. 4일 방송된 JTBC 금토드라마 '아름다운 세상'(극본 김지우, 연출 박찬홍)에서는 지금까지 학교폭력 피해자로 알려진 박선호(남다름 분)가 가해자라는 사실이 공개됐다. 죽은 박선호가 학교폭력의 가해자라는 사실은 지금껏 드러났던 모든 진실들을 완전히 뒤집는 것. 충격적인 반전에 시청자들은 입을 다물지 못했다. 박무진(박희순 분)의 간곡한 부탁에도 신대길(김학선 분)은 아들을 위해 진실을 말하지 않았다. ""진실은 언젠가 반드시 밝혀질 겁니다. 그 전에 선생님이 먼저 용기를 내주신다면 정상참작이 될 겁니다""라는 무진에게 대길은 ""교과서 같은 말씀만 하시네""라고 냉소적으로 반응할 뿐이었다. 무진이 대길에게 희망을 걸었듯이 강인하(추자현 분)는 오준석(서동현 분)을 찾아갔다. 준석은 ""선호 사고 있던 날, 너 선호 만났잖아""라는 인하의 질문에 긴장했지만 끝까지 ""만나지 않았어요""라고 단호하게 말했다. 미리 오진표(오만석 분)와 서은주(조여정 분)가 알려준 그대로였다. ""어른들은 솔직하지 못하지만 그래도 넌 솔직하게 말해줄지도 모른다는 희망을 갖고 온 거야. 넌 어른들보다 순수하다고 믿고 왔어. 나한테 네가 희망이야""라는 인하의 말에 잠시 흔들렸지만, 두 사람을 찾아온 은주가 준석을 감싸며 진실은 다시 감춰졌다. 박수호(김환희 분)는 한동희(이재인 분)와 함께 정다희(박지후 분)의 집에 찾아갔다. 수호는 ""오빠가 언니한테 여러 번 전화한 이유가 뭐예요? 한번은 통화됐던데 오빠가 무슨 얘기 안 했어요?""라고 물었지만, 다희는 극도로 불안해했다. ""우리 오빠 자살하려던 게 아니에요. 그날 분명히 누군가 만났고 난 그게 오준석이라고 생각해요. 언니는 뭔가 알고 있죠?""라는 수호의 질문에 결국 다희는 비명을 지르며 주저앉고 말았다. 다희의 모습을 보고 분노에 찬 다희 엄마(최유송 분)는 수호의 뺨을 내리쳤다. 갑작스러운 일에 아프고 속상할 만도 했지만, 일찍 철이 든 수호는 오히려 ""그 아줌마도 다희 언니도 좀 안됐어. 진짜 많이 아픈 것 같아""라고 말해 인하의 마음을 더욱 아프게 했다. 최기자(최덕문 분)가 쓴 기사가 배포된 후, 수호의 청원글 동의자 수가 급증했다. 진표는 ""기사의 진위가 중요한 게 아닙니다. 기사는 이미 나갔고 어떻게 잘 수습하는지가 중요한 겁니다""라며 학교를 압박했다. 이에 교감(정재성 분)은 학부모위원들을 소집해 성폭력 문제로 물의를 일으켰던 최기자의 과거를 거론하며, 신뢰할 수 없는 기사라는 걸 알리기 위해 여론몰이를 시작했다. 이에 선호 가족이 기자한테 돈을 주고 기사를 부탁했다는 이상한 소문이 퍼졌고, 여론도 부정적으로 변했다. 무책임한 말들이 다시금 선호 가족에게 상처를 남겼다. 항상 강했던 인하가 ""무시하고 싶은데 자꾸만 심장을 찔러. 상처받지 말아야지 하는데도 상처가 돼""라고 말할 만큼 모진 말들이었다. 기사가 실시간검색어에 오르고 반응이 생겨나자 학생들 간 분위기도 뒤숭숭해졌다. 하지만 ""내가 주동자가 아니고 준석이 이 자식이 주동자야. 네들이 전부 속고 있는 거""라는 이기찬(양한열 분)의 말보다 ""나한테 누명 씌우면 네가 좀 나아지냐고""라는 준석의 말이 더 영향력 있었다. 은주는 당당한 준석의 태도를 감당하기 힘들었다. 은주는 ""무슨 일이 있어도 넌 엄마가 지켜. 그래도 너 괴롭기는 해야지. 힘들어는 해야지. 그렇게 아무렇지 않으면 괴물이 되는 거야""라고 말했고, 준석은 ""나도 아무렇지 않은 게 아니라고. 힘들고 괴롭다고. 엄마가 견디라고 했잖아? 그래서 견디는 거야""라고 혼란스러워했다. 이런 가운데 다희 엄마는 무진과 인하에게 먼저 전화를 걸었다. 다희 엄마는 수호의 뺨을 때렸던 것을 사과하는 대신 싸늘하게 굳은 얼굴로 ""선호가 피해자라고 생각하세요?""라고 충격적인 말들을 꺼내놓기 시작했다. 다희 엄마는 ""착하고 모범생인 억울한 학폭피해자가 선호라고 생각하죠? 선호는 두 얼굴을 가진 아이예요. 똑똑히 들으세요. 선호는 피해자가 아니라 가해잡니다. 억울한 피해자가 아니라 끔찍한 가해자""라고 선언했다. '아름다운 세상'은 다희 엄마의 충격적인 발언으로 끔찍한 반전이 공개됐다. 과연 이 충격 선언에는 어떤 진실이 감춰져있는 것인지 시청자들의 이목이 쏠린다. "
연예,"오늘(5일) 방송되는 ‘런닝맨’에서는 만화 주제곡의 전주만 들어도 알아맞히는 ‘만화 박사’ 유재석의 맹활약이 공개된다. 이날, 유재석은 미션 도중 만화 주제곡이 흘러나오자마자, 어떤 만화의 주제곡인지 단번에 알아맞혀 멤버들을 놀라게 했다. 유재석은 전주 1초만 들어도 만화 주제곡을 알아맞히는 ‘만화 주제곡 박사’로 등극, 큰 자신감을 내비쳤다. 특히, 자신감에 찬 유재석은 “난 청소년기까지 만화를 끼고 살았다”고 고백하며 의기양양해 했지만, 이에 이광수가 “혼자 너무 오래 봤다”고 해 현장을 웃음바다로 만들었다는 후문. 이어 유재석은 “엄마! 제가 욕을 먹으면서도 왜 그렇게 만화만 봤는지 아시겠어요?” 라며 어머니께 기습 영상편지까지 보내 또 한 번 현장을 폭소케 했다.  한편, 지석진이 레이스 도중 감기에 걸린 송지효를 피해, 이광수를 송지효 옆자리에 억지로 밀어 넣었다. 이광수는 “석진이 형, 왜 지효 누나 옆 자리 피하냐, 지효 누나 감기 걸렸다고 이러는 거냐” 라고 투덜댔다. 이에 송지효는 지석진과 이광수에게 “몹쓸 놈들이네!!” 라고 강하게 응수해 현장이 웃음바다가 되었다.  전주만 들어도 알아맞힌다는 ‘만화 주제곡 박사’ 유재석, 그리고 송지효와 지석진의 티격태격 남매 케미는 일요일 오후 5시 ‘런닝맨’을 통해 확인할 수 있다."
연예,"'이몽'이 차별화된 명품 첩보 시대극의 탄생으로 시청자들의 호응을 얻었다. 지난 4일 첫 방송된 MBC 특별기획 '이몽'(극본 조규원, 연출 윤상호)은 일본인 손에 자란 조선인 외과의사 이영진(이요원 분)과 무장독립투쟁을 이끈 의열단장 김원봉(유지태 분)의 첫 만남이 그려져 이목을 집중시켰다. 김원봉은 의열단을 배신하고 일본 형사 마쓰우라(허성태 분)와 거래하려 한 변절자 박혁(허지원 분)의 척살에 나섰다. 그는 ""임정이 파견한 밀정. 그자를 찾아야 해""라며 코민테른 자금 확보를 위해 파랑새를 찾아야한다고 주장했다. 이영진에게는 같은 의학원 출신의 친한 언니 에스더(윤지혜 분)가 찾아왔다. 에스더는 이영진에게 독립운동가 유태준의 행방에 대해서 묻는가 하면, 한밤 중 나구모 준이치의 진료기록을 열람하는 등 수상한 움직임을 보였다. 게다가 경련을 일으키며 ""파랑새. 조선인 여의사. 누군가가 죽을 거야""라며 밀정에 대해 말하는 박혁의 말로 인해 에스더가 김원봉이 찾는 파랑새는 아닐지 궁금증을 자아냈다. 이런 가운데 이영진과 김원봉은 운명적으로 처음 만났다. 박혁의 상태를 보러 간 이영진은 그를 처단하러 온 김원봉과 맞닥뜨렸고, 박혁에게 향한 총구를 손으로 덥석 잡은 이영진으로 인해 총을 사이에 두고 대치하는 두 사람의 모습이 긴장감을 높였다. 김원봉과 총 앞에서도 흔들림 없는 이영진의 모습이 파랑새의 정체에 대한 궁금증을 높였다. 그러나 에스더는 파랑새가 아니었다. 나구모 준이치를 불러들인 에스더는 ""이건 네 명령에 죽어간 내 가족의 복수다""라며 그의 심장에 주사를 꽂으려했지만 실패했고, 오히려 일본군의 총에 맞아 처참한 죽음을 맞이하는 모습으로 충격을 선사했다. 에스더의 죽음을 목격한 이영진은 침통한 얼굴로 눈물을 흘렸다. 이후 이영진은 나구모 소장 암살 미수 공모자로 자신을 의심하는 마쓰우라(허성태 분)로 인해 체포되고 만다. 알고 보니 이는 조선총독부 내의 파벌싸움 때문이었고, 마쓰우라는 경무국을 위해 박혁에게 일본으로 보내준다는 빌미로 이영진이 가담했다고 쓰여진 조서에 지장을 찍게 만들려 했다. 이때 나라를 배신한 이유를 듣기 위해 박혁을 찾아간 김원봉은 그에게 의열단 출정식 때 이름을 써내려 갔던 흰띠를 건넸고, 박혁은 자살했다. 또한 파벌싸움임을 알게 된 후쿠다(임주환 분)로 인해 마쓰우라의 계획은 수포로 돌아갔고, 풀려난 이영진은 상해로 향했다.  첫 방송부터 충격적인 반전이 시청자들을 놀라게 했다. 김원봉이 찾던 임시정부의 밀정 '파랑새'가 바로 이영진이었던 것. 여객선 객실로 돌아와 '더 블루 버드'라 쓰인 책을 꺼내든 이영진이 펼친 페이지엔 '파랑새를 허한다'라고 써있었고, 이내 2년 전 임시정부의 수장 김구(유하복 분)로부터 파랑새라는 암호명을 부여 받는 이영진의 모습이 공개됐다. 무엇보다 거울을 보는 이영진의 모습과 함께 흘러나온 ""인간은 참 묘한 존재들이란다. 요술쟁이들이 죽은 뒤로 인간은 제대로 보질 못해. 게다가 자기 눈이 보이지 않는다는 걸 의심조차 안 하지""라는 그의 내레이션이 긴장감을 극대화 시켰다. 이에 비밀을 숨겨온 밀정 이영진의 활약과, 상해에서 벌어질 일들에 귀추가 주목됐다.  '이몽'은 첫 방송부터 휘몰아치는 전개로 탄탄한 완성도를 입증했다. 인물들의 요동치는 심리부터 한 순간도 눈을 뗄 수 없는 긴장감 넘치는 스토리 전개는 매 장면마다 극적인 재미를 선사했다. 또한 이요원부터 유지태 등 출연 배우들이 무게감부터 다른 독보적인 아우라로 화려한 안방 귀환을 알렸다.  한편 '이몽'은 일제 강점기 조선을 배경으로 일본인 손에 자란 조선인 의사 이영진과 무장한 비밀결사 의열단장 김원봉이 펼치는 첩보 액션 드라마. 매주 토요일 오후 9시 5분 방송된다."
연예,"한효주가 버닝썬 화장품 행사 참석 여배우 루머에 발끈했다. 배우 한효주 소속사 BH엔터테인먼트 측은 ""지난 5월 4일 방영된 SBS ‘그것이 알고싶다’에서 거론된 버닝썬 JM솔루션 행사와 관련해, 모델로 활동하고 있는 한효주는 해당 행사에 참석하지 않았음을 알려드린다""고 5월5일 공식입장을 밝혔다. 소속사 측은 ""한효주는 JM솔루션의 모델일 뿐, 해당 행사에 참석하지 않았고, 버닝썬이라는 클럽에 단 한 번도 출입한 적이 없다""며 ""거듭 당사 소속 배우들은 해당 행사에 단 한 명도 참석하지 않았음을 알려드린다""고 강조했다. 아울러 ""당사는 허위사실을 추측하여 유포하고 확대 재생산해 배우의 명예와 인격을 훼손하는 모든 SNS, 커뮤니티 게시글과 댓글들을 수집해 책임을 물을 것이며 법적 절차를 토대로 강경대응할 예정이다""고 강경대응을 예고했다."
연예,"박스오피스 모조에 따르면, ‘어벤져스:엔드게임’은 북미에서 5억 1.453만 달러, 해외에서 14억 달러를 벌어들여 모두 19억 1,453만 달러(약 2조 2,400억원)의 수익을 거뒀다. ‘어벤져스:엔드게임’의 제작비는 3억 5,600만 달러(약 4,165억원)이다. 개봉 9일만에 제작비 대비 5.3배의 수익을 올렸다. 이같은 추세라면 ‘타이타닉’을 꺾고 역대 흥행 순위 2위에 오르게 된다. 이제 ‘아바타’만 남게 된다. 아무도 깰 수 없을 것 같았던 ‘아바타’의 27억 달러 벽을 ‘어벤져스:엔드게임’이 깰 수 있을지 주목된다. 한국에서도 폭풍 흥행 중이다. 이 영화는 개봉 11일째인 5월 4일 1,000만 관객을 돌파했다. 마블 스튜디오 및 시리즈 3편 연속 천만 영화 탄생을 알린 영화 ‘어벤져스: 엔드게임’은 영진위통합전산망 공식통계 집계 기준으로 24번째 천만 영화가 되었으며 수일 내 ‘어벤져스’ 시리즈를 모두 제치고 역대 외화 흥행 기록도 갈아치울 것으로 전망된다. 이같은 추세라면 역대 외화 흥행 1위인 제임스 카메론 감독의 ‘아바타’(1,348만 6,963명)를 꺾을 것으로 보인다. 특히 ‘명량’의 1,761만 5,437명의 최다흥행 기록도 갈아치울지 관심이 집중되고 있다.  ‘어벤져스: 엔드게임’은 인피니티 워 이후, 지구의 마지막 희망이 된 살아남은 어벤져스 조합과 빌런 타노스의 최강 전투를 그린 영화. 천만 영화에 등극한 ‘어벤져스: 엔드게임’은 IMAX, 4DX, MX, Super Plex G, Super S, Super 4D 등 다양한 포맷으로 절찬상영중이다."
연예,"배우 소이현이 남편 인교진과 함께 한 행복한 근황을 공개했다. 5일 소이현은 자신의 인스타그램 계정을 통해 근황을 담은 한 장의 사진과 함께 ""걷다걷다보니...ㅋ 집앞산책""이라는 글을 게시했다. 공개된 사진 속에는 소이현의 남편 인교진이 딸 소은이의 손을 잡고 절의 계단을 내려오고 있는 모습이 담겨있다. 딸 소은이의 손을 꼭 잡고 행복한 미소를 짓고 있는 인교진의 모습을 통해 소이현 가족의 화기애애한 분위기를 엿볼 수 있다. 한편, 소이현·인교진 부부는 지난 2014년 결혼, 슬하에 하은, 소은 두 딸을 두고 있다. "
연예,"소유진이 아이들과 달달한 데이트를 즐겼다. 4일 소유진은 자신의 인스타그램에 ""소여사 제주 #용희 #서현이 #세은이""라는 글과 함께 여러 장의 사진을 게재했다. 공개된 사진 속 소유진은 아이들과 함께 행복한 시간을 보내고 있는 모습. 화창한 날씨 속에 달달한 데이트를 즐기고 있는 가족의 모습이 흐뭇함을 자아냈다. 아이들의 귀여운 모습 또한 시선을 강탈한다. 한편 소유진은 지난 2013년 1월 외식사업가 백종원과 결혼, 슬하에 세 자녀를 두고 있다."
연예,"‘녹두꽃’ 윤시윤이 소년에서 완벽한 야수의 캐릭터로 변신하며 시청자들의 이목을 집중시켰다. SBS 금토드라마 ‘녹두꽃’은 1894년 동학농민혁명의 소용돌이 속에서 농민군과 토벌대로 갈라져 싸워야 했던 이복형제의 파란만장한 휴먼스토리로 그 시대를 살던 여러 사람의 삶의 특징을 담아 매주 안방극장에 묵직한 메시지를 던지고 있다. 지난 4일 방송된 ‘녹두꽃’ 7, 8회에서 백이현(윤시윤)은 처절한 사투 끝에 ‘개화’라는 확고한 신념을 밝히는 모습이 그려졌다. 백이현은 이방을 하지 않겠다는 형 백이강(조정석)으로 인해 동학쟁이로 몰리게 된 작은어머니 유월이(서영희)를 대피시키려 ‘고부’를 빠져나가 ‘선운사’로 간다. 그곳에서 동학농민과 감영군의 격전이 벌어지며 백이현은 또 한 번 위기를 맞게 되었다.치열한 사투 속에서 유월이를 지켜낸 백이현은 동학농민혁명 주동자 전봉준(최무성)을 만나게 된다. 전봉준은 백이현에게 자신과 함께할 것을 권하게 되고 이에 백이현은 “개화된 세상이 선진문물...문명입니다” “문명이 사람을 교화시키고 세상을 바꿀 것입니다”라고 신념을 드러냈다. 이후 ‘고부’로 돌아온 백이현은 자신의 유익을 위해 유월이와 백이강을 벼랑 끝으로 몰아넣은 백가(박혁권)의 악행에 크게 분노했다. 아버지를 노려보는 살기 어린 눈빛은 악랄한 백가조차도 흠칫하게 만들며 이전과는 다른 백이현의 모습을 보여줬다. 윤시윤은 새로운 세상을 만들고자 하는 백이현을 섬세하고 힘있게 표현하며 강렬한 존재감을 발산했다. 드라마 엔딩 장면으로는 총을 정조준하는 날카로운 모습을 그리며 야수로서 새로운 열연을 펼칠 윤시윤의 모습을 기대하게 만들었다. ‘녹두꽃’은 매주 금, 토요일 밤 10시에 방송된다."
스포츠,"이용찬은 5일 이천베어스파크에서 열린 퓨처스(2군) 리그 고양 히어로즈전에 선발 등판해 3⅔이닝 7피안타 1탈삼진 1실점을 기록했다. 투구 수는 52개. 최고 구속은 시속 143㎞를 찍었고, 직구와 슬라이더, 커브, 포크볼 등을 고루 던지며 점검했다. 부상 후 첫 실전 등판이다. 이용찬은 우측 햄스트링 미세손상으로 지난달 15일 1군에서 제외됐다. 두산 전력분석원은 ""첫 실전 등판인 만큼 직구 위주의 투구를 했다""며 ""볼끝 움직임이 괜찮았고, 위기 관리 능력도 준수했다. 변화구 제구도 좋았다""고 말했다. 김태형 두산 감독은 이날 이용찬의 등판을 앞두고 ""몸 상태를 체크한 뒤 곧바로 1군으로 올릴 지, 퓨처스에서 한 경기를 더 던지게 할 지를 정할 예정""이라고 말했다. 별다른 이상이 발견되지 않는다면 1군에 합류할 것으로 보인다."
스포츠,"KIA 타이거즈의 인기는 10개 구단 가운데 단연 으뜸. 광주 홈경기뿐만 아니라 원정 경기를 찾는 팬들도 아주 많은 편. 가끔씩 KIA 홈경기가 아닌가 하는 착각이 들 정도다. 5일 KIA-NC전이 열리기 전 창원NC파크 3루 출입구. 일부 KIA 팬들은 훈련을 마치고 덕아웃으로 들어가는 선수들의 모습을 지켜보기 위해 모여 있었다. 훈련을 마친 최형우는 즉석 팬 사인회를 열었다. 팬들에게 성심성의껏 대하는 태도가 눈에 띄었다. 별것 아닐 수 있지만 오랜 기간 팬서비스 논란이 끊이지 않았던 KBO리그인 것을 고려하면 남다른 의미가 있다. 한 여성 팬은 “오늘 생일인데 사인 좀 해달라”고 하자 최형우는 정성을 다해 사인을 해줬다. 그러자 이 팬은 “최고의 생일 선물”이라고 감사 인사를 전하기도. 최형우는 10분 가까이 서서 한 명의 팬도 빠짐없이 다 챙겼다. 팬들도 최형우를 향해 “정말 매너 좋다”고 고마워했다. 두 번째 주인공은 이창진. 올 시즌 KIA의 히트상품으로 불리는 이창진 또한 팬서비스를 위해 많은 시간을 할애했다. 경기 전 이것저것 준비하느라 바쁠 텐데도 밝은 미소로 팬들의 응원에 화답했다. 최형우와 이창진뿐만 아니라 하준영, 김선빈 등 다수의 선수도 팬서비스에 나섰다. 코칭스태프도 예외는 아니었다. 김기태 감독도 팬들에게 일일이 사인해주는 자상한 모습을 보였다. 한편 KIA는 외국인 투수 제이콥 터너를 선발 투수로 내세운다. 이날 경기를 잡게 되면 2연속 위닝 시리즈를 달성하게 된다."
스포츠,"한화 이글스가 팀의 짜릿한 끝내기 승리에 펑펑 운 어린이 팬을 찾았다. 한화는 5일 대전 한화생명이글스파크에서 열린 '2019 신한은행 MY CAR KBO리그' KT전을 앞두고 김회성과 어린이 팬의 만남을 추진했다. 전날 한화는 극적인 끝내기 승리를 거뒀다. 7-9로 끌려가던 9회말 2사 만루에서 김회성이 KT 정성곤의 초구를 노려 싹쓸이 2루타를 쳐 끝내기의 주인공이 됐다. 극적인 승리에 어린이 팬도 감격의 눈물을 흘렸다. 이 어린이 팬은 아빠를 꼭 껴안는 채 눈물을 흘리는 모습이 당시 중계 화면에 잡혀 화제가 됐다. 경기가 끝난 후 한화는 구단 SNS를 통해 ""뜨거운 눈물을 흘리던 이 어린이를 애타게 찾고 있다. 어린이 혹은 부모님을 알고 계시면 연락을 달라""며 어린이 팬 찾기에 돌입했다. 그 이후 이 어린이 팬 가족과 연락이 닿았다. 청주에 살고 있는 용성초 3학년 윤준서군(9)이었다. 한화는 바로 김회성과의 만남을 추진했고, 이날 경기 전에 성사됐다."
스포츠,"삼성 강민호는 4일 고척 키움전서 안우진의 투구에 목을 맞고 쓰러졌다. 0-0이던 4회초 1사 주자 없는 상황, 볼카운트 1B서 키움 선발투수 안우진의 2구 146km 포심패스트볼에 어깨와 목을 강타 당했다.  쓰러진 강민호는 한동안 일어나지 못했다. 구급차까지 들어올 정도로 상황이 심각했다. 다행히 큰 부상은 아니었고, 구급차도 돌아갔다. 대신 백업 김응민과 교체돼 경기를 마쳤다. 삼성 김한수 감독은 5일 고척 키움전을 앞두고 ""엔트리에서 빠질 정도의 큰 부상은 아니다""라고 말했다. 안우진도 놀랐다. 경기 전 만난 그는 ""몸쪽으로 넣으려고 했는데 공이 손에서 빠지면서 얼굴 쪽으로 날아갔다""라며 죄송스러운 표정을 지었다. 경기 후 포수 이지영을 통해 강민호의 연락처를 전달 받았고, 강민호에게 사과의 뜻을 전했다. 키움 관계자와 안우진에 따르면, 강민호는 안우진의 진심을 받아들였다. 대신 강민호는 ""커피나 한잔 사라""고 웃었다고 한다. 안우진은 ""강민호 선배님이 아메리카노를 드시겠다고 하더라""고 말했다. 훈훈한 마무리다. 한편, 강민호는 선발라인업에서 빠졌다. 김응민이 선발 출전한다. 김 감독은 ""강민호는 경기 후반에 나갈 수도 있다""라고 말했다. "
스포츠,"스페인과 영국 언론의 연이은 보도에 따르면 벨기에 윙어 에덴 아자르(28, 첼시)가 2019년 여름 레알 마드리드로 이적하는 게 유력하다. 2020년 여름 첼시와 계약이 끝나는 아자르는, 첼시에서 세계 최고 선수에 준하는 활약을 펼치면서도 팀이 메이저 트로피에 도전하지 못하며 제대로 가치를 인정 받지 못하고 있다. 자신을 꾸준히 원해온 레알 마드리드와 지네딘 지단 감독과 함께 하길 원한다. 2020년 여름이 되면 공짜로 아자르를 내줘야 하는 첼시도 1억 유로 이상의 이적료로 합의할 생각이 있다. 아자르의 주 포지션은 왼쪽 측면 공격수다. 레알 마드리드는 이 포지션에서 골을 만들던 크리스티아누 호날두가 유벤투스로 이적한 이후 어려움을 겪었다. 줄렌 로페테기 전 감독 체제에선 마르코 아센시오, 산티 솔라리 감독 체제에선 비니시우스 주니오르가 주로 활약했다. 지단 감독 부임 이후에는 비니시우스가 부상을 입으면서 아센시오가 다시 뛰고 있다. 이 자리에 아자르가 오면 왼쪽 측면은 포화 상태가 된다. 물론 아자르와 아센시오, 비니시우스의 장점과 성향이 달라 포메이션에 따라 공존 혹은 전술 변형으로 활용할 수 있다."
스포츠,"토트넘 손흥민이 상대의 자극적인 플레이에 반응하며 EPL 데뷔 후 첫 퇴장의 쓴잔을 들었다. 토트넘은 4일(이하 한국시각) 바이탈리티 스타디움에서 열린 ‘2018-19 잉글리시 프리미어리그’ 본머스와의 원정경기서 후반 추가 시간 나단 아케에게 결승골을 내주며 0-1 패했다. 이로써 토트넘은 23승 1무 13패(승점 70)를 기록, 승점 추가에 실패했다. 3위 자리를 유지 중이지만 한 경기 덜 치른 4위 첼시(승점 68)와 5위 아스날(승점 66)의 추격에 놓이게 됐다. 이번 본머스전에서 승리했다면 최종전 결과와 상관없이 다음 시즌 챔피언스리그 진출을 확정지을 수 있었던 토트넘이었다. 하지만 퇴장 변수가 찾아왔고, 대상자는 하필이면 손흥민이었다. 전반 43분 페널티 지역에서 수비수 3명에 둘러싸여 공을 빼앗긴 손흥민은 다시 달려드는 과정에서 반칙을 범했다. 여기까지는 큰 문제가 없었다. 하지만 본머스 미드필더 제퍼슨 레르마가 슬쩍 다가오더니 손흥민을 가격했고, 이에 격분한 손흥민이 밀치며 일이 커지고 말았다. 이 장면을 바로 앞에서 주시한 주심은 곧바로 손흥민에게 레드카드를 꺼내들었다. 상대 선수를 직접적으로 밀쳤기에 변명의 여지가 없는 퇴장감이었다. 문제는 이전 레르마의 신경전이었다. 레르마는 이보다 앞선 상황에서 손흥민을 향해 몸을 날리며 몸통을 가격했고, 퇴장 상황에서도 손흥민의 등 쪽을 가격하는 장면이 중계 카메라에 포착됐다. 이뿐만이 아니었다. 레르마는 경기 내내 손흥민뿐만 아니라 토트넘 선수들의 신경을 자극했다. 교체 투입된 후안 포이스를 거칠게 몰아붙여 다시 한 번 퇴장을 유도했고, 경기 막판에는 델리 알리와 신경전을 벌이기도 했다."
스포츠,"손흥민(27)의 추가 징계 가능성이 대두 되고 있는 가운데, 토트넘 마우리시오 포체티노 감독이 퇴장 판정에 존중한다는 입장을 밝혔다. 토트넘은 지난 4일(한국시간) 영국 도싯주 본머스 바이탈리티 스타디움에서 열린 본머스와 2018~2019 시즌 잉글리시 프리미어리그 37라운드 원정 경기에서 0-1로 패했다. 이날 손흥민은 최전방 스트라이커로 선발 출장했으나 전반 43분 오프 더 볼 상황에서 레르마를 밀어 넘어트려 곧바로 퇴장 명령을 받았다. 주심은 보복성 행위로 간주한 것으로 보인다. 손흥민이 퇴장 명령을 받은 건 레버쿠젠에서 뛰던 2014~2015 독일축구협회(DFB) 포칼 2라운드 마그데부르크전 이후 이번이 두 번째다. 또 EPL에서는 이번이 처음이다. 이날 퇴장으로 손흥민은 오는 12일 열리는 에버튼과 리그 최종 38라운드 경기에서는 뛰지 못한다. 이후 토트넘은 손흥민에 이어 후반 3분 포이스마저 퇴장을 당하면서 수적 열세로 0-1로 패했다. 그렇다면 사령탑의 반응은 어떨까. 포체티노 감독은 영국 BBC 등 현지 언론과의 인터뷰에서 ""사실 그 상황을 잘 보지 못했다. 손흥민과 아직 대화해보지 않았으나 그의 대응이 맞았을지도 모른다. 다만 우리는 심판의 판정을 바꿀 수 없다. 받아들여야 한다""는 입장을 표명했다. 그러면서 ""상대팀보다 두 명이나 적은 상태에서 경기하는 것은 매우 고통스러웠다. 그러나 우리는 앞으로 나아가야 한다. 아약스와 에버튼전 2경기가 남아있다. 결국 우리의 손에 달려있다. 토트넘이 현 위치에 자리하고 있으리라고 아무도 예상하지 못했을 것이다""고 강조했다."
스포츠,"NC 다이노스 외야수 나성범이 재검진 결과 수술을 결정했다. 나성범은 3일 창원NC파크에서 열린 KIA 타이거즈와 경기에서 2회 2루타를 친 뒤 상대 폭투에 3루로 진루하다 태그되는 과정에서 오른 무릎이 꺾였다. 나성범은 경기장에서 바로 병원으로 이동했고 검진 결과 오른 십자인대 파열 및 연골판 부분 파열 진단을 받았다. 나성범은 3일 입원 뒤 4일 병원에서 재검진을 받았고 NC는 5일 ""선수와 상의해 최종 수술 결정 내렸다""고 전했다. 나성범은 5일 삼성서울병원에서 전방십자인대 및 내측인대 재건술과 바깥쪽 반월판 성형술을 받는다. 구단은 ""수술 경과 최종 확인 뒤 선수와 재활 일정 논의할 계획""이라고 전했다. NC는 또다른 부상 악재를 맞았다. 이재학은 4일 경기 6회초 투수 앞 땅볼 처리의 착지 과정에서 오른쪽 종아리에 통증이 생겼다. NC는 ""MRI 촬영 결과 근육 손상 진단받아 5일 D팀(재활)으로 합류한다""고 전했다."
스포츠,"4일 고척 키움-삼성전은 결과를 떠나 젊은 투수들의 역투가 돋보였다. 삼성 우완 원태인은 7이닝 3피안타 4탈삼진 1사구 1실점으로 생애 첫 승을 선발승으로 장식했다. 키움 5선발 안우진도 패전투수가 됐지만, 7⅓이닝 8피안타 5탈삼진 3사사구 3실점으로 잘 던졌다. 키움 장정석 감독, 삼성 김한수 감독 모두 두 젊은 투수들의 역투에 칭찬을 아끼지 않았다. 장정석 감독은 5일 경기를 앞두고 ""어리지만 1순위 답더라. 원태인은 우진이보다 한 살 더 어린데 잘 던지더라. 안우진도 최고의 피칭을 했다. 7회 이후 교체를 해야 하나 고민도 했다""라고 말했다. 안우진은 1999년생으로 2018년 키움 1차 지명을 받았다. 원태인은 2000년생으로 2019년 삼성 1차 지명을 받았다. 안우진은 올 시즌 5선발로 풀타임 선발 첫 시즌을 보내고 있다. 원태인도 일찌감치 김한수 감독으로부터 경쟁력을 인정 받았고, 최채흥이 2군으로 내려가면서 선발로테이션을 소화한다. "
스포츠,"삼성 외국인타자 다린 러프가 7일부터 시작하는 NC와의 홈 3연전부터 1군에서 뛸 듯하다. 김한수 감독은 5일 고척 키움전을 앞두고 ""7일 1군에 합류시킬 계획이다. 등록 여부는 그때 상태를 봐서 결정할 계획""이라고 밝혔다. 러프는 왼쪽 내전근 좌상으로 4월 24일 SK전 이후 1군 경기에 출전하지 못했다. 그러나 4일 KIA와의 퓨처스리그서 솔로홈런 한 방을 때리면서 컨디션 회복을 알렸다. 김 감독은 러프의 7일 1군 등록을 확답하지 않았으나 ""거의 그럴 가능성이 크죠""라고 말했다. 이변이 없는 한 7일이 1군 복귀전이 될 가능성이 크다. "
